,name,wikidata,dates,gender,citizenship,birthplace,birth country,place of death,country of death,language,instrument
0,Nicolaus Bruhns,http://www.wikidata.org/entity/Q57369,1665-1697,male,"['Denmark', 'Duchy of Schleswig']",Schwabstedt,Germany,Husum,Germany,German,organ
1,Marc-Antoine Charpentier,http://www.wikidata.org/entity/Q55524,1643-1704,male,Kingdom of France,Paris,France,Paris,France,French,"['organ', 'voice']"
2,Girolamo Dalla Casa,http://www.wikidata.org/entity/Q354023,1543-1601,male,Republic of Venice,Udine,Italy,Venice,Italy,,
3,Arcangelo Corelli,http://www.wikidata.org/entity/Q164475,1653-1713,male,Papal States,Fusignano,Italy,Rome,Italy,"['Latin', 'Italian']",violin
4,John Bennet,http://www.wikidata.org/entity/Q374718,1575-1614,male,England,Lancashire,United Kingdom,,,English,
5,Maddalena Casulana,http://www.wikidata.org/entity/Q269690,1544-1590,female,,Casole d'Elsa,Italy,,,,flute
6,Agostino Agazzari,http://www.wikidata.org/entity/Q395563,1578-1640,male,,Siena,Italy,Siena,Italy,Italian,organ
7,Adriano Banchieri,http://www.wikidata.org/entity/Q347804,1568-1634,male,,Bologna,Italy,Bologna,Italy,Italian,organ
8,Scipione Dentice,http://www.wikidata.org/entity/Q290052,1560-1635,male,,Naples,Italy,Naples,Italy,,organ
9,John Dowland,http://www.wikidata.org/entity/Q207355,1563-1626,male,Kingdom of England,London,United Kingdom,London,United Kingdom,English,lute
10,William Byrd,http://www.wikidata.org/entity/Q208375,1543-1623,male,Kingdom of England,London,United Kingdom,Stondon Massey,United Kingdom,,organ
11,Thomas Campion,http://www.wikidata.org/entity/Q455618,1567-1620,male,"['England', 'Kingdom of England']",London,United Kingdom,London,United Kingdom,"['Latin', 'English']",
12,Sigismondo D'India,http://www.wikidata.org/entity/Q457145,1582-1629,male,,Naples,Italy,Modena,Italy,Italian,
13,Giulio Caccini,http://www.wikidata.org/entity/Q215308,1551-1618,male,Grand Duchy of Tuscany,Rome,Italy,Florence,Italy,Italian,"['viol', 'voice']"
14,Giovanni Battista Bassani,http://www.wikidata.org/entity/Q465565,1650-1716,male,Republic of Venice,Padua,Italy,Bergamo,Italy,Italian,"['organ', 'violin']"
15,Antonio Cifra,http://www.wikidata.org/entity/Q601590,1584-1629,male,,Province of Latina,Italy,Loreto,Italy,Italian,
16,Baldassare Donato,http://www.wikidata.org/entity/Q804795,1530-1603,male,Republic of Venice,,,Venice,Italy,Italian,
17,Melchior Borchgrevinck,http://www.wikidata.org/entity/Q469278,1570-1632,male,Denmark,Netherlands,Kingdom of the Netherlands,Copenhagen,Denmark,,
18,Gregor Aichinger,http://www.wikidata.org/entity/Q633088,1564-1628,male,Germany,Regensburg,Germany,Augsburg,Germany,German,"['organ', 'pipe organ']"
19,Fabrizio Dentice,http://www.wikidata.org/entity/Q635911,1593-1581,male,,Naples,Italy,Naples,Italy,,"['viol', 'lute']"
20,Hans Brachrogge,http://www.wikidata.org/entity/Q472819,1590-1638,male,Denmark,,,,,,
21,Giovanni Francesco Anerio,http://www.wikidata.org/entity/Q711181,1567-1630,male,Italians,Rome,Italy,Graz,Austria,Italian,
22,Giovanni Bassano,http://www.wikidata.org/entity/Q494292,1558-1617,male,Republic of Venice,,,Venice,Italy,Latin,
23,Filippo Azzaiolo,http://www.wikidata.org/entity/Q717917,1530-1569,male,,Bologna,Italy,Bologna,Italy,,
24,Felice Anerio,http://www.wikidata.org/entity/Q549044,1560-1614,male,Italians,Rome,Italy,Rome,Italy,,
25,Christoph Demantius,http://www.wikidata.org/entity/Q497554,1567-1643,male,Germany,Liberec,Czech Republic,Freiberg,Germany,German,
26,Giovanni Animuccia,http://www.wikidata.org/entity/Q500507,1500-1571,male,Italians,Florence,Italy,Rome,Italy,,
27,Giovanni Croce,http://www.wikidata.org/entity/Q920564,1557-1609,male,Republic of Venice,Chioggia,Italy,Venice,Italy,Italian,
28,Lodovico Agostini,http://www.wikidata.org/entity/Q946839,1534-1590,male,,Ferrara,Italy,Ferrara,Italy,Italian,voice
29,Tomaso Cecchino,http://www.wikidata.org/entity/Q1117014,1580-1644,male,Republic of Venice,Verona,Italy,Hvar,Croatia,Italian,
30,Guillaume Bouzignac,http://www.wikidata.org/entity/Q983567,1587-1643,male,France,Narbonne,France,,,French,
31,Ippolito Baccusi,http://www.wikidata.org/entity/Q1493373,1550-1609,male,,Mantua,Italy,Verona,Italy,,
32,Francesco Corteccia,http://www.wikidata.org/entity/Q1230392,1502-1571,male,,Florence,Italy,Florence,Italy,Italian,pipe organ
33,Michael East,http://www.wikidata.org/entity/Q1927338,1580-1648,male,United Kingdom of Great Britain and Ireland,London,United Kingdom,Lichfield,United Kingdom,English,organ
34,Richard Dering,http://www.wikidata.org/entity/Q2149323,1580-1630,male,United Kingdom of Great Britain and Ireland,London,United Kingdom,Greater London,United Kingdom,English,organ
35,Antonio Archilei,http://www.wikidata.org/entity/Q2857177,1500-1612,male,,Albano Laziale,Italy,Florence,Italy,,"['lute', 'voice']"
36,Vittoria Aleotti,http://www.wikidata.org/entity/Q2707991,1573-1620,female,,Ferrara,Italy,,,,organ
37,Nicolao Dorati,http://www.wikidata.org/entity/Q2754386,1513-1593,male,,Province of Lucca,Italy,Lucca,Italy,,trombone
38,Luca Bati,http://www.wikidata.org/entity/Q2424465,1546-1608,male,,Florence,Italy,Florence,Italy,,pipe organ
39,Severo Bonini,http://www.wikidata.org/entity/Q3480834,1582-1663,male,,Florence,Italy,Florence,Italy,,organ
40,Jean de Castro,http://www.wikidata.org/entity/Q3175340,1540-1600,male,Prince-Bishopric of Liège,Liège,Belgium,Cologne,Germany,French,
41,Domenico Bianchini,http://www.wikidata.org/entity/Q3712917,1510-1576,male,Republic of Venice,Udine,Italy,Venice,Italy,,lute
42,Thomas Bateson,http://www.wikidata.org/entity/Q3524896,1630,male,England,,,Dublin,Republic of Ireland,English,organ
43,Fabio Costantini,http://www.wikidata.org/entity/Q3737659,1570-1644,male,,Staffolo,Italy,Tivoli,Italy,,
44,Francesco Bianciardi,http://www.wikidata.org/entity/Q3749629,1570-1607,male,,Casole d'Elsa,Italy,Siena,Italy,,organ
45,Giulio Belli,http://www.wikidata.org/entity/Q3769496,1560-1621,male,,Longiano,Italy,Imola,Italy,,
46,Richard Carlton,http://www.wikidata.org/entity/Q3934778,1558-1638,male,United Kingdom of Great Britain and Ireland,,,,,,
47,Camillo Cortellini,http://www.wikidata.org/entity/Q3651486,1561-1630,male,,Bologna,Italy,Bologna,Italy,,
48,Michael Cavendish,http://www.wikidata.org/entity/Q3856134,1565-1628,male,United Kingdom of Great Britain and Ireland,,,London,United Kingdom,,
49,Bartolomeo Barbarino,http://www.wikidata.org/entity/Q4865504,1617,male,,,,,,,
50,Joan Brudieu,http://www.wikidata.org/entity/Q4894403,1520-1591,male,"['France', 'Crown of Aragon']",Limoges,France,La Seu d'Urgell,Spain,"['Latin', 'Spanish', 'Catalan']",
51,Girolamo Conversi,http://www.wikidata.org/entity/Q5564760,1572-1575,male,,,,,,,
52,Girolamo Belli,http://www.wikidata.org/entity/Q5564752,1552-1620,male,,Argenta,Italy,Argenta,Italy,,
53,Giovanni Battista Conforti,http://www.wikidata.org/entity/Q5563724,1550-1570,male,,,,,,,
54,Ippolito Ciera,http://www.wikidata.org/entity/Q6065392,1546-1561,male,,,,,,,
55,Thomas Brewer,http://www.wikidata.org/entity/Q7787872,1611-1665,male,Kingdom of England,,,,,,
56,Simon Boyleau,http://www.wikidata.org/entity/Q7518324,1544-1586,male,France,,,,,French,
57,Simone Balsamino,http://www.wikidata.org/entity/Q7520256,1596,male,Italy,,,,,Italian,
58,Giovanni Battista Crivelli,http://www.wikidata.org/entity/Q16206148,1652,male,,Scandiano,Italy,Modena,Italy,,organ
59,Valerio Bona,http://www.wikidata.org/entity/Q16859665,1560-1620,male,,Brescia,Italy,,,,
60,Giovanni Contino,http://www.wikidata.org/entity/Q20100441,1513-1574,male,,,,,,,
61,Francesco Adriani,http://www.wikidata.org/entity/Q28548877,1539-1575,male,,San Severino Marche,Italy,Rome,Italy,,
62,William Cobbold,http://www.wikidata.org/entity/Q43234079,1560-1639,male,,,,,,,
63,Giovanni Boschetto Boschetti,http://www.wikidata.org/entity/Q55225893,1570-1622,male,,Orte,Italy,Loreto,Italy,,
64,Lelio Bertani,http://www.wikidata.org/entity/Q112536290,1550-1620,male,,,,Brescia,Italy,,
65,Giovanni Battista Chinelli,http://www.wikidata.org/entity/Q57271845,1610-1677,male,,,,,,,
66,Giovanni Del Turco,http://www.wikidata.org/entity/Q56006649,1577-1647,male,,Florence,Italy,,,,
67,Jacopo Corfini,http://www.wikidata.org/entity/Q82008847,1540-1591,male,,,,,,,
68,Giovanni Battista Caletti,http://www.wikidata.org/entity/Q96070821,1577-1642,male,Germany,Crema,Italy,,,"['German', 'Italian']",
69,Giulio Bonagiunta,http://www.wikidata.org/entity/Q108937597,1530-1571,male,,,,,,,
70,Giovanni Gabrieli,http://www.wikidata.org/entity/Q34624,1554-1612,male,Republic of Venice,Venice,Italy,Venice,Italy,Italian,organ
71,Henry VIII,http://www.wikidata.org/entity/Q38370,1491-1547,male,Kingdom of England,Palace of Placentia,United Kingdom,Palace of Whitehall,United Kingdom,"['French', 'Latin', 'Italian', 'English']",
72,Sebastian Knüpfer,http://www.wikidata.org/entity/Q71496,1633-1676,male,Germany,Aš,Czech Republic,Leipzig,Germany,German,
73,Thomas Ford,http://www.wikidata.org/entity/Q354266,1580-1648,male,England,,,London,United Kingdom,English,viol
74,Vincenzo Galilei,http://www.wikidata.org/entity/Q313765,1520-1591,male,"['Grand Duchy of Tuscany', 'Duchy of Florence']",Santa Maria a Monte,Italy,Florence,Italy,Italian,lute
75,Josquin des Prez,http://www.wikidata.org/entity/Q143100,1450-1521,male,"['France', 'Habsburg Netherlands']",Vermandois,France,Condé-sur-l'Escaut,France,French,
76,Luca Marenzio,http://www.wikidata.org/entity/Q316532,1553-1599,male,"['Republic of Venice', 'Papal States']",Coccaglio,Italy,Rome,Italy,Italian,
77,Heinrich Isaac,http://www.wikidata.org/entity/Q316668,1450-1517,male,County of Flanders,Flanders,Belgium,Florence,Italy,Latin,organ
78,Valentin Haussmann,http://www.wikidata.org/entity/Q249689,1560-1614,male,Germany,Gerbstedt,Germany,Gerbstedt,Germany,German,pipe organ
79,Daniel Friderici,http://www.wikidata.org/entity/Q322254,1584-1638,male,Germany,Querfurt,Germany,Rostock,Germany,German,
80,Biagio Marini,http://www.wikidata.org/entity/Q110224592,1587-1663,,,,,,,,
81,Hans Leo Hassler,http://www.wikidata.org/entity/Q164882,1564-1612,male,Germany,Nuremberg,Germany,Frankfurt am Main,Germany,German,organ
82,Johannes Jeep,http://www.wikidata.org/entity/Q428075,1581-1644,male,Germany,Dransfeld,Germany,Hanau,Germany,German,organ
83,Carlo Gesualdo,http://www.wikidata.org/entity/Q192958,1560-1613,male,Kingdom of Naples,Naples,Italy,Gesualdo,Italy,Italian,lute
84,Stefano Felis,http://www.wikidata.org/entity/Q431549,1550-1603,male,,Bari,Italy,Bari,Italy,,
85,Luzzasco Luzzaschi,http://www.wikidata.org/entity/Q445581,1544-1607,male,,Ferrara,Italy,Ferrara,Italy,Italian,pipe organ
86,Thomas Lupo,http://www.wikidata.org/entity/Q353855,1571-1628,male,United Kingdom of Great Britain and Ireland,London,United Kingdom,London,United Kingdom,,viol
87,John Farmer,http://www.wikidata.org/entity/Q1335446,1570-1591,male,United Kingdom of Great Britain and Ireland,Nottingham,United Kingdom,Oxford,United Kingdom,,
88,Girolamo Frescobaldi,http://www.wikidata.org/entity/Q209212,1583-1643,male,"['Papal States', 'Duchy of Ferrara']",Ferrara,Italy,Rome,Italy,Italian,"['organ', 'harpsichord']"
89,Andrea Gabrieli,http://www.wikidata.org/entity/Q217317,1533-1585,male,Republic of Venice,Venice,Italy,Venice,Italy,Italian,organ
90,Gioseffo Guami,http://www.wikidata.org/entity/Q610708,1540-1611,male,,Lucca,Italy,Lucca,Italy,,"['violin', 'pipe organ']"
91,Francisco Guerrero,http://www.wikidata.org/entity/Q470568,1528-1599,male,Crown of Castile,Seville,Spain,Seville,Spain,Spanish,organ
92,Marco da Gagliano,http://www.wikidata.org/entity/Q540638,1582-1643,male,,Florence,Italy,Florence,Italy,Italian,
93,Andreas Hammerschmidt,http://www.wikidata.org/entity/Q497864,1612-1675,male,Germany,Most,Czech Republic,Zittau,Germany,German,"['organ', 'pipe organ']"
94,Leonhard Lechner,http://www.wikidata.org/entity/Q683132,1553-1606,male,Germany,South Tyrol,Italy,Stuttgart,Germany,German,
95,Costanzo Festa,http://www.wikidata.org/entity/Q937584,1490-1545,male,,Piedmont,Italy,Rome,Italy,Italian,
96,Alessandro Grandi,http://www.wikidata.org/entity/Q948575,1590-1630,male,Republic of Venice,Ferrara,Italy,Bergamo,Italy,Italian,
97,Giovanni Giacomo Gastoldi,http://www.wikidata.org/entity/Q964231,1582-1609,male,,Caravaggio,Italy,Mantua,Italy,Italian,voice
98,John Hilton the younger,http://www.wikidata.org/entity/Q1289313,1599-1657,male,United Kingdom of Great Britain and Ireland,Cambridge,United Kingdom,Westminster,United Kingdom,English,
99,Ruggiero Giovannelli,http://www.wikidata.org/entity/Q1369480,1560-1625,male,,Velletri,Italy,Rome,Italy,,
100,Giles Farnaby,http://www.wikidata.org/entity/Q1343764,1565-1640,male,England,London,United Kingdom,City of London,United Kingdom,English,harpsichord
101,Giovanni Piero Manenti,http://www.wikidata.org/entity/Q1526316,1535-1597,male,,Bologna,Italy,Florence,Italy,,
102,Anthony Holborne,http://www.wikidata.org/entity/Q1676220,1545-1602,male,Kingdom of England,,,London,United Kingdom,English,cittern
103,Giovanni Pietro Flaccomio,http://www.wikidata.org/entity/Q1526322,1565-1617,male,,Milazzo,Italy,Turin,Italy,,
104,Giovanni de Macque,http://www.wikidata.org/entity/Q1403614,1550-1614,male,France,Valenciennes,France,Naples,Italy,French,organ
105,Simon Gintzler,http://www.wikidata.org/entity/Q1695832,1490-1547,male,Germany,South Tyrol,Italy,Trento,Italy,German,
106,Noé Faignient,http://www.wikidata.org/entity/Q2134295,1537-1578,male,,Cambrai,France,Antwerp,Belgium,,
107,George Kirbye,http://www.wikidata.org/entity/Q1997700,1565-1634,male,United Kingdom of Great Britain and Ireland,,,,,,
108,Robert Jones,http://www.wikidata.org/entity/Q18630239,1570-1617,male,,Monmouth,United Kingdom,,,,organ
109,Jhan Gero,http://www.wikidata.org/entity/Q1657883,1518-1555,male,,,,,,,
110,Alfonso Fontanelli,http://www.wikidata.org/entity/Q2062267,1557-1622,male,,Reggio Emilia,Italy,Rome,Italy,Italian,
111,Giovanni Ghizzolo,http://www.wikidata.org/entity/Q3107205,1580-1625,male,,Brescia,Italy,Novara,Italy,Italian,
112,Giovanni Ferretti,http://www.wikidata.org/entity/Q3107173,1540-1609,male,Republic of Venice,Venice,Italy,,,,
113,Ellis Gibbons,http://www.wikidata.org/entity/Q3723541,1573-1603,male,United Kingdom of Great Britain and Ireland,Cambridge,United Kingdom,,,,
114,Giacomo Fogliano,http://www.wikidata.org/entity/Q3805961,1468-1548,male,,Modena,Italy,Modena,Italy,,organ
115,John Holmes,http://www.wikidata.org/entity/Q3809346,1629,male,,,,,,,
116,Thomas Greaves,http://www.wikidata.org/entity/Q3990629,1604,male,United Kingdom of Great Britain and Ireland,,,,,,lute
117,Giulio Fiesco,http://www.wikidata.org/entity/Q5565265,1520-1586,male,,Ferrara,Italy,Ferrara,Italy,,
118,Edward Johnson,http://www.wikidata.org/entity/Q5343803,1545-1601,male,Kingdom of England,,,,,,
119,John Hilton the elder,http://www.wikidata.org/entity/Q6239329,1569-1608,male,Kingdom of England,,,,,English,"['pipe organ', 'voice']"
120,Maistre Jhan,http://www.wikidata.org/entity/Q6737089,1485-1538,male,France,,,Ferrara,Italy,,
121,Scipione Lacorcia,http://www.wikidata.org/entity/Q7434030,1585-1620,male,,Naples,Italy,,,Italian,
122,Sebastiano Festa,http://www.wikidata.org/entity/Q7442579,1495-1524,male,,,,Rome,Italy,,
123,Paolo Isnardi,http://www.wikidata.org/entity/Q16863445,1536-1596,male,,,,Ferrara,Italy,,
124,Antonio Gualtieri,http://www.wikidata.org/entity/Q16054417,1649,male,Republic of Venice,,,Venice,Italy,,
125,Johann Lyttich,http://www.wikidata.org/entity/Q20003638,1581-1611,male,,Plauen,Germany,,,,
126,Gabriele Fallamero,http://www.wikidata.org/entity/Q112456781,1584,male,,,,,,,
127,Andrea Feliciani,http://www.wikidata.org/entity/Q55227467,1596,male,,Siena,Italy,Siena,Italy,,
128,Camillo Lambardi,http://www.wikidata.org/entity/Q50316330,1560-1634,male,Kingdom of Naples,Naples,Italy,Naples,Italy,,
129,Thomas Hunt,http://www.wikidata.org/entity/Q99237806,1580-1658,male,,,,,,,
130,Giovan Battista Leonetti,http://www.wikidata.org/entity/Q107995775,1575-1617,male,,Crema,Italy,Crema,Italy,,
131,Girolamo Ferrari,http://www.wikidata.org/entity/Q113412847,1600-1664,male,,Mondondone,Italy,,,,
132,Henry Purcell,http://www.wikidata.org/entity/Q9695,1659-1695,male,Kingdom of England,Westminster,United Kingdom,Westminster,United Kingdom,English,"['harpsichord', 'pipe organ']"
133,Claudio Monteverdi,http://www.wikidata.org/entity/Q53068,1567-1643,male,Republic of Venice,Cremona,Italy,Venice,Italy,Italian,"['viol', 'pipe organ', 'viola da braccio']"
134,Girolamo Parabosco,http://www.wikidata.org/entity/Q29300,1524-1557,male,Republic of Venice,Piacenza,Italy,Venice,Italy,Italian,pipe organ
135,Giovanni Antonio Rigatti,http://www.wikidata.org/entity/Q142515,1615-1649,male,Republic of Venice,Venice,Italy,Venice,Italy,,
136,Cipriano de Rore,http://www.wikidata.org/entity/Q316074,1515-1565,male,Republic of Venice,Ronse,Belgium,Parma,Italy,Italian,
137,Francesco Rasi,http://www.wikidata.org/entity/Q363011,1574-1620,male,,Arezzo,Italy,,,Italian,voice
138,Claudio Merulo,http://www.wikidata.org/entity/Q380517,1533-1604,male,Republic of Venice,Correggio,Italy,Parma,Italy,Italian,"['organ', 'pipe organ']"
139,Jacob Regnart,http://www.wikidata.org/entity/Q267177,1540-1599,male,Southern Netherlands,Douai,France,Prague,Czech Republic,Dutch,
140,Michael Praetorius,http://www.wikidata.org/entity/Q108278,1571-1621,male,Duchy of Brunswick-Lüneburg,Creuzburg,Germany,Wolfenbüttel,Germany,Latin,organ
141,Philippe de Monte,http://www.wikidata.org/entity/Q277029,1521-1603,male,Spanish Netherlands,Mechelen,Belgium,Prague,Czech Republic,Dutch,
142,Thomas Morley,http://www.wikidata.org/entity/Q438141,1557-1603,male,"['England', 'Kingdom of England']",Norwich,United Kingdom,London,United Kingdom,English,"['organ', 'pipe organ']"
143,Giovanni Maria Nanino,http://www.wikidata.org/entity/Q706287,1543-1607,male,,Tivoli,Italy,Rome,Italy,Italian,
144,Thomas Ravenscroft,http://www.wikidata.org/entity/Q634595,1590-1633,male,United Kingdom of Great Britain and Ireland,Cheshire,United Kingdom,London,United Kingdom,English,
145,Salamone Rossi,http://www.wikidata.org/entity/Q713436,1570-1630,male,Duchy of Mantua,Mantua,Italy,Mantua,Italy,,violin
146,Giovanni Bernardino Nanino,http://www.wikidata.org/entity/Q723537,1560-1623,male,,Vallerano,Italy,Vallerano,Italy,,organ
147,Asprilio Pacelli,http://www.wikidata.org/entity/Q738001,1570-1623,male,,Stroncone,Italy,Warsaw,Poland,Italian,
148,Mogens Pedersøn,http://www.wikidata.org/entity/Q962427,1585-1623,male,Denmark,Copenhagen,Denmark,,,,
149,Giovanni Battista Mosto,http://www.wikidata.org/entity/Q1119331,1549-1596,male,Republic of Venice,Udine,Italy,Alba Iulia,Romania,,
150,Marco Scacchi,http://www.wikidata.org/entity/Q1357654,1600-1687,male,,Gallese,Italy,Gallese,Italy,Italian,violin
151,Giovanni Priuli,http://www.wikidata.org/entity/Q1445743,1575-1629,male,Republic of Venice,Venice,Italy,Vienna,Austria,"['German', 'Italian']",pipe organ
152,Vincenzo Ruffo,http://www.wikidata.org/entity/Q1494084,1508-1587,male,Republic of Venice,Verona,Italy,Sacile,Italy,,
153,Giovanni Rovetta,http://www.wikidata.org/entity/Q1526347,1596-1668,male,Republic of Venice,Venice,Italy,Venice,Italy,,organ
154,Melchior Neusidler,http://www.wikidata.org/entity/Q1919164,1531-1590,male,Germany,Nuremberg,Germany,Augsburg,Germany,German,lute
155,Peter Philips,http://www.wikidata.org/entity/Q1930460,1561-1628,male,United Kingdom of Great Britain and Ireland,London,United Kingdom,Brussels,Belgium,English,organ
156,Mario Savioni,http://www.wikidata.org/entity/Q1899013,1608-1685,male,,Rome,Italy,Rome,Italy,,
157,Martino Pesenti,http://www.wikidata.org/entity/Q1905637,1600-1648,male,Republic of Venice,Venice,Italy,Venice,Italy,,organ
158,Andreas Pevernage,http://www.wikidata.org/entity/Q2159084,1543-1591,male,,Harelbeke,Belgium,Antwerp,Belgium,,
159,Francis Pilkington,http://www.wikidata.org/entity/Q2462847,1562-1638,male,Kingdom of England,,,Chester,United Kingdom,English,lute
160,Angelo Notari,http://www.wikidata.org/entity/Q2849490,1566-1663,male,Republic of Venice,Padua,Italy,London,United Kingdom,,
161,Giovanni Domenico da Nola,http://www.wikidata.org/entity/Q2395209,1510-1592,male,Kingdom of Naples,Nola,Italy,Naples,Italy,Italian,
162,Erasmo Marotta,http://www.wikidata.org/entity/Q3731086,1578-1641,male,,Randazzo,Italy,Palermo,Italy,,
163,Jan Nasco,http://www.wikidata.org/entity/Q3767806,1510-1561,male,,,,,,,
164,Pietro Maria Marsolo,http://www.wikidata.org/entity/Q3904046,1580-1615,male,,Messina,Italy,Piacenza,Italy,,
165,Pomponio Nenna,http://www.wikidata.org/entity/Q3907903,1550- 1613,male,,Bari,Italy,Rome,Italy,Italian,
166,Robert Ramsey,http://www.wikidata.org/entity/Q3938401,1590-1644,male,United Kingdom,,,,,English,pipe organ
167,Alessandro Orologio,http://www.wikidata.org/entity/Q3610181,1550-1633,male,,San Giorgio della Richinvelda,Italy,Vienna,Austria,Italian,
168,Andrea Rota,http://www.wikidata.org/entity/Q3616007,1553-1597,male,,Bologna,Italy,Bologna,Italy,,
169,John Milton,http://www.wikidata.org/entity/Q110935304,1608-1674,,,,,,,,
170,John Mundy,http://www.wikidata.org/entity/Q3809503,1555-1630,male,United Kingdom of Great Britain and Ireland,,,Windsor,United Kingdom,,organ
171,David Sacerdote,http://www.wikidata.org/entity/Q5239412,1550-1625,male,,Roure,Italy,,,,
172,Benedetto Pallavicino,http://www.wikidata.org/entity/Q4887229,1551-1601,male,,Cremona,Italy,,,Italian,organ
173,Claudio Pari,http://www.wikidata.org/entity/Q5129392,1574-1619,male,,,,,,,
174,Galeazzo Sabbatini,http://www.wikidata.org/entity/Q5518314,1597-1662,male,,,,Pesaro,Italy,,
175,Giovan Leonardo Primavera,http://www.wikidata.org/entity/Q5563608,1540-1585,male,,Barletta,Italy,,,,
176,Ginés de Morata,http://www.wikidata.org/entity/Q5880038,1576,male,"['Spain', 'Portugal']",,,,,"['Latin', 'Spanish']",
177,Rinaldo del Mel,http://www.wikidata.org/entity/Q7334576,1554-1598,male,,Mechelen,Belgium,,,,
178,Stefano Rossetto,http://www.wikidata.org/entity/Q7606486,1560-1583,male,,,,,,,
179,Stephan Otto,http://www.wikidata.org/entity/Q7608155,1603-1656,male,Germany,,,,,German,
180,Tiburtio Massaino,http://www.wikidata.org/entity/Q7800551,1550-1608,male,,Cremona,Italy,Cremona,Italy,,
181,Francesco Portinaro,http://www.wikidata.org/entity/Q16863487,1520-1578,male,Republic of Venice,Padua,Italy,Padua,Italy,,
182,Hubert Naich,http://www.wikidata.org/entity/Q16863472,1513-1546,male,,,,,,,
183,Walter Porter,http://www.wikidata.org/entity/Q18759427,1587-1659,male,,,,,,,
184,Jeremy Savile,http://www.wikidata.org/entity/Q18810825,1651-1665,male,Kingdom of England,,,,,English,
185,Ippolito Sabino,http://www.wikidata.org/entity/Q49361116,1550-1593,male,,,,,,,
186,Ambrosius Metzger,http://www.wikidata.org/entity/Q55847929,1573-1632,male,Germany,,,,,German,
187,Daniel Norcome,http://www.wikidata.org/entity/Q55903969,1601,male,,,,,,,
188,Pietro Pace,http://www.wikidata.org/entity/Q63210400,1559-1622,male,,,,,,,
189,Giovan Domenico Montella,http://www.wikidata.org/entity/Q55998400,1570-1607,male,,,,,,,
190,Grammatio Metallo,http://www.wikidata.org/entity/Q61061769,1540-1615,male,,Province of Avellino,Italy,,,,
191,Filippo Nicoletti,http://www.wikidata.org/entity/Q87254387,1577-1620,male,,,,,,,
192,Domenico Micheli,http://www.wikidata.org/entity/Q87642969,1540-1590,male,,Bologna,Italy,,,,
193,Bartolomeo Ratti,http://www.wikidata.org/entity/Q88300377,1565-1634,male,Republic of Venice,,,,,,
194,Biagio Pesciolini,http://www.wikidata.org/entity/Q101439336,1610,male,,Prato,Italy,,,,
195,Santi Orlandi,http://www.wikidata.org/entity/Q102035932,1619,male,,,,,,,
196,Nathaniel Patrick,http://www.wikidata.org/entity/Q98915412,1590,male,United Kingdom,Worcester,United Kingdom,Worcester,United Kingdom,English,
197,Johann Hermann Schein,http://www.wikidata.org/entity/Q57827,1586-1630,male,Germany,Grünhain,Germany,Leipzig,Germany,German,
198,Ludwig Senfl,http://www.wikidata.org/entity/Q110133949,1490-1543,,,,,,,,
199,Adrian Willaert,http://www.wikidata.org/entity/Q312615,1490-1562,male,County of Flanders,Rumbeke,Belgium,Venice,Italy,Dutch,
200,Barbara Strozzi,http://www.wikidata.org/entity/Q232235,1619-1677,female,Republic of Venice,Venice,Italy,Padua,Italy,"['Italian', 'Venetian']",lute
201,Alessandro Stradella,http://www.wikidata.org/entity/Q314765,1639-1682,male,Papal States,Bologna,Italy,Genoa,Italy,Italian,"['violin', 'voice']"
202,Heinrich Schütz,http://www.wikidata.org/entity/Q153643,1585-1672,male,Germany,Bad Köstritz,Germany,Dresden,Germany,German,organ
203,Orazio Vecchi,http://www.wikidata.org/entity/Q84146,1550-1605,male,,Modena,Italy,Modena,Italy,Italian,
204,Gioseffo Zarlino,http://www.wikidata.org/entity/Q365805,1517-1590,male,Republic of Venice,Chioggia,Italy,Venice,Italy,Italian,organ
205,Vincenzo Ugolini,http://www.wikidata.org/entity/Q330488,1570-1638,male,,Perugia,Italy,Rome,Italy,,violin
206,Jan Pieterszoon Sweelinck,http://www.wikidata.org/entity/Q110294,1562-1621,male,Netherlands,Deventer,Netherlands,Amsterdam,Netherlands,Dutch,organ
207,Alessandro Scarlatti,http://www.wikidata.org/entity/Q183087,1660-1725,male,,Palermo,Italy,Naples,Italy,Italian,harpsichord
208,Jan Tollius,http://www.wikidata.org/entity/Q284127,1550-1603,male,Denmark,Amersfoort,Netherlands,Copenhagen,Denmark,,voice
209,John Ward,http://www.wikidata.org/entity/Q447968,1571-1638,male,United Kingdom of Great Britain and Ireland,Canterbury,United Kingdom,Essex,United Kingdom,,
210,Giaches de Wert,http://www.wikidata.org/entity/Q591939,1535-1596,male,Habsburg Netherlands,Weert,Belgium,Mantua,Italy,Dutch,
211,Bartolomeo Tromboncino,http://www.wikidata.org/entity/Q809518,1470-1534,male,Republic of Venice,Verona,Italy,Venice,Italy,,trombone
212,Philippe Verdelot,http://www.wikidata.org/entity/Q714219,1480-1530,male,France,Verdelot,France,Florence,Italy,French,
213,Johann Stadlmayr,http://www.wikidata.org/entity/Q472907,1575-1648,male,Germany,Freising,Germany,Innsbruck,Austria,German,
214,Thomas Weelkes,http://www.wikidata.org/entity/Q553908,1575-1623,male,United Kingdom of Great Britain and Ireland,Sussex,United Kingdom,London,United Kingdom,English,organ
215,John Wilbye,http://www.wikidata.org/entity/Q682089,1574-1638,male,Kingdom of England,Diss,United Kingdom,Colchester,United Kingdom,English,
216,Nicola Vicentino,http://www.wikidata.org/entity/Q944773,1511-1576,male,"['Republic of Venice', 'Holy Roman Empire']",Vicenza,Italy,Milan,Italy,Italian,
217,Cornelis Schuyt,http://www.wikidata.org/entity/Q749364,1557-1616,male,Netherlands,Leiden,Netherlands,Leiden,Netherlands,Dutch,"['organ', 'pipe organ']"
218,Francesco Turini,http://www.wikidata.org/entity/Q1441256,1589-1656,male,,Prague,Czech Republic,Brescia,Italy,Italian,pipe organ
219,Thomas Tomkins,http://www.wikidata.org/entity/Q968698,1572-1656,male,"['Wales', 'United Kingdom of Great Britain and Ireland']",St Davids,United Kingdom,Worcestershire,United Kingdom,English,organ
220,Francesco Soriano,http://www.wikidata.org/entity/Q1376058,1548-1621,male,Papal States,Soriano nel Cimino,Italy,Rome,Italy,,
221,Alessandro Striggio,http://www.wikidata.org/entity/Q1377115,1536-1592,male,"['Grand Duchy of Tuscany', 'Duchy of Florence']",Mantua,Italy,Mantua,Italy,,
222,Johannes Schultz,http://www.wikidata.org/entity/Q1406864,1582-1653,male,Germany,Lüneburg,Germany,Dannenberg (Elbe),Germany,German,
223,Thomas Whythorne,http://www.wikidata.org/entity/Q2124600,1528-1596,male,United Kingdom,,,,,English,
224,Hubert Waelrant,http://www.wikidata.org/entity/Q2664749,1516-1595,male,Southern Netherlands,,,Antwerp,Belgium,,
225,Annibale Zoilo,http://www.wikidata.org/entity/Q2920312,1537-1592,male,Papal States,Rome,Italy,Loreto,Italy,,
226,Filippo Vitali,http://www.wikidata.org/entity/Q3071924,1590-1653,male,,Florence,Italy,Florence,Italy,,voice
227,Ascanio Trombetti,http://www.wikidata.org/entity/Q2866349,1544-1590,male,,Bologna,Italy,,,Italian,
228,Pietro Vinci,http://www.wikidata.org/entity/Q3388207,1525-1584,male,,Nicosia,Italy,Nicosia,Italy,Italian,
229,Edmund Turges,http://www.wikidata.org/entity/Q3719486,1450-1507,male,United Kingdom of Great Britain and Ireland,Petworth,United Kingdom,,,,
230,Paolo Virchi,http://www.wikidata.org/entity/Q3894585,1551-1610,male,,Brescia,Italy,,,,
231,Claudio Veggio,http://www.wikidata.org/entity/Q5129425,1510-1543,male,,Piacenza,Italy,,,,
232,Girolamo Scotto,http://www.wikidata.org/entity/Q5564788,1505-1572,male,Republic of Venice,Milan,Italy,Venice,Italy,,
233,Pietro Taglia,http://www.wikidata.org/entity/Q7193041,1555-65,male,,,,,,,
234,Stefano Venturi del Nibbio,http://www.wikidata.org/entity/Q7606503,1592-1600,male,,,,,,,
235,Antonio Francesco Tenaglia,http://www.wikidata.org/entity/Q10954739,1612-1672,male,,Florence,Italy,Rome,Italy,,organ
236,Orfeo Vecchi,http://www.wikidata.org/entity/Q11939478,1551-1603,male,,,,,,,
237,Thomas Vautor,http://www.wikidata.org/entity/Q11951781,1600-1620,male,Kingdom of England,,,,,,
238,Bartolomeo Spontone,http://www.wikidata.org/entity/Q21001517,1530-1592,male,,,,,,,
239,Melchior Schramm,http://www.wikidata.org/entity/Q24049612,1553-1619,male,,Ziębice,Poland,Offenburg,Germany,,organ
240,Agostino Soderini,http://www.wikidata.org/entity/Q77535913,1575-1607,,,,,,,,
241,Camillo Zanotti,http://www.wikidata.org/entity/Q84562722,1545-1591,male,,,,,,,
242,Cesare Zoilo,http://www.wikidata.org/entity/Q109265169,1584-1622,male,Papal States,,,Rome,Italy,,
243,Flaminio Tresti,http://www.wikidata.org/entity/Q110222853,1560-1613,,,,,,,,
244,Tielman Susato,http://www.wikidata.org/entity/Q547783,1500-1570,male,Habsburg Netherlands,Soest,Germany,Stockholm,Sweden,,
